-- MySQL dump 10.13  Distrib 5.7.21, for Linux (x86_64)
--
-- Host: localhost    Database: vaucheptms
-- ------------------------------------------------------
-- Server version	5.7.21-0ubuntu0.16.04.1

/*!40101 SET @OLD_CHARACTER_SET_CLIENT=@@CHARACTER_SET_CLIENT */;
/*!40101 SET @OLD_CHARACTER_SET_RESULTS=@@CHARACTER_SET_RESULTS */;
/*!40101 SET @OLD_COLLATION_CONNECTION=@@COLLATION_CONNECTION */;
/*!40101 SET NAMES utf8 */;
/*!40103 SET @OLD_TIME_ZONE=@@TIME_ZONE */;
/*!40103 SET TIME_ZONE='+00:00' */;
/*!40014 SET @OLD_UNIQUE_CHECKS=@@UNIQUE_CHECKS, UNIQUE_CHECKS=0 */;
/*!40014 SET @OLD_FOREIGN_KEY_CHECKS=@@FOREIGN_KEY_CHECKS, FOREIGN_KEY_CHECKS=0 */;
/*!40101 SET @OLD_SQL_MODE=@@SQL_MODE, SQL_MODE='NO_AUTO_VALUE_ON_ZERO' */;
/*!40111 SET @OLD_SQL_NOTES=@@SQL_NOTES, SQL_NOTES=0 */;

--
-- Table structure for table `enregistrements`
--

DROP TABLE IF EXISTS `enregistrements`;
/*!40101 SET @saved_cs_client     = @@character_set_client */;
/*!40101 SET character_set_client = utf8 */;
CREATE TABLE `enregistrements` (
  `idEnregistrement` int(11) NOT NULL AUTO_INCREMENT,
  `Session` int(11) NOT NULL,
  `serialno_montre` varchar(25) NOT NULL,
  `time_offset` int(11) NOT NULL,
  `duree` tinyint(1) unsigned NOT NULL,
  `nb_actions` tinyint(1) unsigned NOT NULL,
  `nb_objets` tinyint(1) unsigned DEFAULT NULL,
  `indice_OCRA` float unsigned DEFAULT NULL,
  `niveau_risque` float DEFAULT NULL,
  `repetitivite` float DEFAULT NULL,
  `rythmeCardiaque` tinyint(1) unsigned DEFAULT NULL,
  `filename` varchar(45) DEFAULT NULL,
  `vibrations` int(11) DEFAULT NULL,
  `nb_charges_lourdes` int(11) DEFAULT NULL,
  `poignet_gauche` bit(1) DEFAULT NULL,
  PRIMARY KEY (`idEnregistrement`),
  KEY `fk_enregistrements_1_idx` (`Session`),
  CONSTRAINT `fk_enregistrements_1` FOREIGN KEY (`Session`) REFERENCES `sessions` (`Id`) ON DELETE NO ACTION ON UPDATE NO ACTION
) ENGINE=InnoDB AUTO_INCREMENT=73 DEFAULT CHARSET=utf8;
/*!40101 SET character_set_client = @saved_cs_client */;

--
-- Dumping data for table `enregistrements`
--

LOCK TABLES `enregistrements` WRITE;
/*!40000 ALTER TABLE `enregistrements` DISABLE KEYS */;
INSERT INTO `enregistrements` VALUES (1,70,'R5AJ303LQAR',282802,10,0,0,NULL,NULL,NULL,NULL,NULL,NULL,NULL,NULL),(2,70,'R5AJ303LQAR',292926,10,0,0,NULL,NULL,NULL,NULL,NULL,NULL,NULL,NULL),(3,70,'R5AJ303LQAR',302999,10,0,0,NULL,NULL,NULL,NULL,NULL,NULL,NULL,NULL),(4,70,'R5AJ303LQAR',313070,10,0,0,NULL,NULL,NULL,NULL,NULL,NULL,NULL,NULL),(5,70,'R5AJ303LQAR',323161,10,0,0,NULL,NULL,NULL,NULL,NULL,NULL,NULL,NULL),(6,70,'R5AJ303LQAR',333262,10,0,0,NULL,NULL,NULL,NULL,NULL,NULL,NULL,NULL),(7,70,'R5AJ303LQAR',343356,10,0,0,NULL,NULL,NULL,NULL,NULL,NULL,NULL,NULL),(8,70,'R5AJ303LQAR',353587,10,0,0,NULL,NULL,NULL,NULL,NULL,NULL,NULL,NULL),(9,70,'R5AJ303LQAR',363553,10,0,0,NULL,NULL,NULL,NULL,NULL,NULL,NULL,NULL),(10,70,'R5AJ303LQAR',373648,10,0,0,NULL,NULL,NULL,NULL,NULL,NULL,NULL,NULL),(11,70,'R5AJ303LQAR',383751,10,0,0,NULL,NULL,NULL,NULL,NULL,NULL,NULL,NULL),(12,70,'R5AJ303LQAR',394065,10,0,0,NULL,NULL,NULL,NULL,NULL,NULL,NULL,NULL),(13,70,'R5AJ303LQAR',403938,10,0,0,NULL,NULL,NULL,NULL,NULL,NULL,NULL,NULL),(14,70,'R5AJ303LQAR',414042,10,0,0,NULL,NULL,NULL,NULL,NULL,NULL,NULL,NULL),(15,71,'R5AJ303LQAR',10058,10,0,0,NULL,NULL,NULL,NULL,NULL,NULL,NULL,NULL),(16,71,'R5AJ303LQAR',20127,10,0,0,NULL,NULL,NULL,NULL,NULL,NULL,NULL,NULL),(17,71,'R5AJ303LQAR',30233,10,0,0,NULL,NULL,NULL,NULL,NULL,NULL,NULL,NULL),(18,71,'R5AJ303LQAR',40371,10,0,0,NULL,NULL,NULL,NULL,NULL,NULL,NULL,NULL),(19,71,'R5AJ303LQAR',50454,10,0,0,NULL,NULL,NULL,NULL,NULL,NULL,NULL,NULL),(20,71,'R5AJ303LQAR',60568,10,0,0,NULL,NULL,NULL,NULL,NULL,NULL,NULL,NULL),(21,73,'R5AJ303LQAR',12044,10,0,0,NULL,NULL,NULL,NULL,NULL,NULL,NULL,NULL),(22,73,'R5AJ303LQAR',22085,10,0,0,NULL,NULL,NULL,NULL,NULL,NULL,NULL,NULL),(23,73,'R5AJ303LQAR',32175,10,0,0,NULL,NULL,NULL,NULL,NULL,NULL,NULL,NULL),(24,73,'R5AJ303LQAR',42274,10,0,0,NULL,NULL,NULL,NULL,NULL,NULL,NULL,NULL),(25,73,'R5AJ303LQAR',52425,10,0,0,NULL,NULL,NULL,NULL,NULL,NULL,NULL,NULL),(26,73,'R5AJ303LQAR',62512,10,0,0,NULL,NULL,NULL,NULL,NULL,NULL,NULL,NULL),(27,74,'R5AJ303LQAR',10043,10,0,0,NULL,NULL,NULL,NULL,NULL,NULL,NULL,NULL),(28,74,'R5AJ303LQAR',20141,10,0,0,NULL,NULL,NULL,NULL,NULL,NULL,NULL,NULL),(29,74,'R5AJ303LQAR',30237,10,0,0,NULL,NULL,NULL,NULL,NULL,NULL,NULL,NULL),(30,75,'R5AJ303LQAR',18323,10,0,0,NULL,NULL,NULL,NULL,NULL,NULL,NULL,NULL),(31,75,'R5AJ303LQAR',28289,10,0,0,NULL,NULL,NULL,NULL,NULL,NULL,NULL,NULL),(32,75,'R5AJ303LQAR',38388,10,0,0,NULL,NULL,NULL,NULL,NULL,NULL,NULL,NULL),(33,76,'R5AJ303LQAR',33237,10,4,2,NULL,NULL,NULL,NULL,NULL,NULL,NULL,NULL),(34,76,'R5AJ303LQAR',43345,10,6,4,NULL,NULL,NULL,NULL,NULL,NULL,NULL,NULL),(35,76,'R5AJ303LQAR',53416,10,7,3,NULL,NULL,NULL,NULL,NULL,NULL,NULL,NULL),(36,78,'R5AJ303LQAR',80872,10,3,1,NULL,NULL,NULL,NULL,NULL,NULL,NULL,NULL),(37,80,'R5AJ303LQAR',11162,10,0,0,0,NULL,NULL,NULL,NULL,NULL,NULL,NULL),(38,80,'R5AJ303LQAR',20254,10,2,0,1,NULL,NULL,NULL,NULL,NULL,NULL,NULL),(39,80,'R5AJ303LQAR',30346,10,6,5,3,NULL,NULL,NULL,NULL,NULL,NULL,NULL),(40,80,'R5AJ303LQAR',40443,10,8,5,4,NULL,NULL,NULL,NULL,NULL,NULL,NULL),(41,80,'R5AJ303LQAR',50535,10,8,4,4,NULL,NULL,NULL,NULL,NULL,NULL,NULL),(42,82,'R5AJ303LQAR',13089,10,4,2,2,NULL,NULL,NULL,NULL,NULL,NULL,NULL),(43,82,'R5AJ303LQAR',23303,10,5,4,2.5,NULL,NULL,NULL,NULL,NULL,NULL,NULL),(44,82,'R5AJ303LQAR',33291,10,6,4,3,NULL,NULL,NULL,NULL,NULL,NULL,NULL),(45,82,'R5AJ303LQAR',43409,10,5,3,2.5,NULL,NULL,NULL,NULL,NULL,NULL,NULL),(46,82,'R5AJ303LQAR',53482,10,6,3,3,NULL,NULL,NULL,NULL,NULL,NULL,NULL),(47,82,'R5AJ303LQAR',63583,10,6,5,3,NULL,NULL,NULL,NULL,NULL,NULL,NULL),(48,82,'R5AJ303LQAR',73693,10,7,5,3.5,NULL,NULL,NULL,NULL,NULL,NULL,NULL),(49,82,'R5AJ303LQAR',83777,10,5,2,2.5,NULL,NULL,NULL,NULL,NULL,NULL,NULL),(50,82,'R5AJ303LQAR',93898,10,4,2,2,NULL,NULL,NULL,NULL,NULL,NULL,NULL),(51,82,'R5AJ303LQAR',103980,10,5,3,2.5,NULL,NULL,NULL,NULL,NULL,NULL,NULL),(52,82,'R5AJ303LQAR',114084,10,3,2,1.5,NULL,NULL,NULL,NULL,NULL,NULL,NULL),(53,90,'R5AJ303LQAR',25403,10,5,3,2.5,0,NULL,NULL,NULL,NULL,NULL,NULL),(54,90,'R5AJ303LQAR',35499,10,4,3,2,4.14,NULL,NULL,NULL,NULL,NULL,NULL),(55,90,'R5AJ303LQAR',45605,10,5,3,2.5,5.37,NULL,NULL,NULL,NULL,NULL,NULL),(56,93,'R5AJ303LQAR',13257,10,4,2,2,0,NULL,NULL,'1522856799738_2_R5AJ303LQAR.dat',NULL,NULL,NULL),(57,93,'R5AJ303LQAR',23341,10,7,5,3.5,6.25,NULL,NULL,'1522856809829_2_R5AJ303LQAR.dat',NULL,NULL,NULL),(58,93,'R5AJ303LQAR',33443,10,5,2,2.5,9.78,NULL,NULL,'1522856819924_2_R5AJ303LQAR.dat',NULL,NULL,NULL),(59,93,'R5AJ303LQAR',43539,10,4,2,2,10.01,NULL,NULL,'1522856830021_2_R5AJ303LQAR.dat',NULL,NULL,NULL),(60,93,'R5AJ303LQAR',50000,10,4,2,2.5,10.01,NULL,255,'1522856830021_2_R5AJ303LQAR.dat',NULL,NULL,''),(61,95,'R5AJ303LQAR',74715,10,4,3,2,0,NULL,NULL,'1522956347867_2_R5AJ303LQAR.dat',NULL,NULL,NULL),(62,95,'R5AJ303LQAR',84766,10,5,1,2.5,1.34,NULL,NULL,'1522956357917_2_R5AJ303LQAR.dat',NULL,NULL,NULL),(63,95,'R5AJ303LQAR',94839,10,6,3,3,2.5,NULL,NULL,'1522956367990_2_R5AJ303LQAR.dat',NULL,NULL,NULL),(64,95,'R5AJ303LQAR',104942,10,6,3,3,3.66,NULL,NULL,'1522956378092_2_R5AJ303LQAR.dat',NULL,NULL,NULL),(65,97,'R5AJ303LQAR',101124,10,0,0,0,0,NULL,NULL,'1523017552992_2_R5AJ303LQAR.dat',NULL,NULL,NULL),(66,97,'R5AJ303LQAR',111170,10,5,3,2.5,0.28,NULL,NULL,'1523017563036_2_R5AJ303LQAR.dat',NULL,NULL,NULL),(67,97,'R5AJ303LQAR',121263,10,4,3,2,1.28,NULL,NULL,'1523017573129_2_R5AJ303LQAR.dat',NULL,NULL,NULL),(68,97,'R5AJ303LQAR',131354,10,5,3,2.5,1.95,NULL,NULL,'1523017583220_2_R5AJ303LQAR.dat',NULL,NULL,NULL),(69,97,'R5AJ303LQAR',141484,10,0,0,0,2.7,NULL,NULL,'1523017593351_2_R5AJ303LQAR.dat',NULL,NULL,NULL),(70,97,'R5AJ303LQAR',151576,10,0,0,0,2.57,NULL,NULL,'1523017603443_2_R5AJ303LQAR.dat',NULL,NULL,NULL),(71,97,'R5AJ303LQAR',161667,10,5,2,2.5,2.47,NULL,NULL,'1523017613533_2_R5AJ303LQAR.dat',NULL,NULL,NULL),(72,97,'R5AJ303LQAR',171826,10,0,0,0,3.07,NULL,NULL,'1523017623692_2_R5AJ303LQAR.dat',NULL,NULL,NULL);
/*!40000 ALTER TABLE `enregistrements` ENABLE KEYS */;
UNLOCK TABLES;

--
-- Table structure for table `identites`
--

DROP TABLE IF EXISTS `identites`;
/*!40101 SET @saved_cs_client     = @@character_set_client */;
/*!40101 SET character_set_client = utf8 */;
CREATE TABLE `identites` (
  `Id` int(10) unsigned NOT NULL AUTO_INCREMENT,
  `Nom` varchar(15) NOT NULL,
  `Prenom` varchar(25) DEFAULT NULL,
  `Date_de_naissance` date DEFAULT NULL,
  `Photo` varchar(15) DEFAULT NULL,
  `Montre_Gauche` int(11) DEFAULT NULL,
  `Montre_Droit` int(11) DEFAULT NULL,
  PRIMARY KEY (`Id`),
  KEY `Montre_Gauche_idx` (`Montre_Gauche`),
  KEY `Montre_Droit_idx` (`Montre_Droit`),
  CONSTRAINT `FK_identites_montres` FOREIGN KEY (`Montre_Gauche`) REFERENCES `montres` (`Id`) ON DELETE SET NULL,
  CONSTRAINT `FK_identites_montres_2` FOREIGN KEY (`Montre_Droit`) REFERENCES `montres` (`Id`) ON DELETE SET NULL
) ENGINE=InnoDB AUTO_INCREMENT=10 DEFAULT CHARSET=utf8;
/*!40101 SET character_set_client = @saved_cs_client */;

--
-- Dumping data for table `identites`
--

LOCK TABLES `identites` WRITE;
/*!40000 ALTER TABLE `identites` DISABLE KEYS */;
INSERT INTO `identites` VALUES (2,'JumpMan','Mario','1983-03-18',NULL,2,NULL),(3,'Zelda','Link','1986-04-16',NULL,1,9),(4,'Halo','Master Chief','2001-01-01',NULL,NULL,NULL),(5,'metal gear','solid snake','1987-01-03',NULL,NULL,NULL),(6,'Fantasy','cloud strife','1997-10-10',NULL,NULL,NULL),(7,'Man','Pac','1980-12-12',NULL,NULL,NULL),(8,'Croft','Lara','1996-05-21',NULL,NULL,NULL),(9,'Freeman','Gordon','1998-10-03',NULL,NULL,NULL);
/*!40000 ALTER TABLE `identites` ENABLE KEYS */;
UNLOCK TABLES;

--
-- Table structure for table `montres`
--

DROP TABLE IF EXISTS `montres`;
/*!40101 SET @saved_cs_client     = @@character_set_client */;
/*!40101 SET character_set_client = utf8 */;
CREATE TABLE `montres` (
  `Id` int(11) NOT NULL AUTO_INCREMENT,
  `IP` varchar(20) DEFAULT NULL,
  `LastActif` varchar(20) DEFAULT NULL,
  `codeID` varchar(15) NOT NULL,
  `status` varchar(45) DEFAULT 'inactive',
  PRIMARY KEY (`Id`),
  UNIQUE KEY `Id_UNIQUE` (`Id`),
  UNIQUE KEY `codeID_UNIQUE` (`codeID`)
) ENGINE=InnoDB AUTO_INCREMENT=10 DEFAULT CHARSET=utf8;
/*!40101 SET character_set_client = @saved_cs_client */;

--
-- Dumping data for table `montres`
--

LOCK TABLES `montres` WRITE;
/*!40000 ALTER TABLE `montres` DISABLE KEYS */;
INSERT INTO `montres` VALUES (1,'::ffff:10.42.0.201','1523017804258','R5AJ303LQAR','stopped'),(2,'::ffff:10.42.0.133','1522310348823','R5AJB08VXVK','started'),(9,'::ffff:10.42.0.244','1522220573090','R5AK108KS6E','wouldstop');
/*!40000 ALTER TABLE `montres` ENABLE KEYS */;
UNLOCK TABLES;

--
-- Table structure for table `postes`
--

DROP TABLE IF EXISTS `postes`;
/*!40101 SET @saved_cs_client     = @@character_set_client */;
/*!40101 SET character_set_client = utf8 */;
CREATE TABLE `postes` (
  `idPoste` int(11) NOT NULL,
  `Nom` varchar(45) NOT NULL,
  `Description` varchar(255) DEFAULT NULL,
  PRIMARY KEY (`idPoste`),
  UNIQUE KEY `Nom_UNIQUE` (`Nom`)
) ENGINE=InnoDB DEFAULT CHARSET=utf8;
/*!40101 SET character_set_client = @saved_cs_client */;

--
-- Dumping data for table `postes`
--

LOCK TABLES `postes` WRITE;
/*!40000 ALTER TABLE `postes` DISABLE KEYS */;
/*!40000 ALTER TABLE `postes` ENABLE KEYS */;
UNLOCK TABLES;

--
-- Table structure for table `sessions`
--

DROP TABLE IF EXISTS `sessions`;
/*!40101 SET @saved_cs_client     = @@character_set_client */;
/*!40101 SET character_set_client = utf8 */;
CREATE TABLE `sessions` (
  `Id` int(11) NOT NULL AUTO_INCREMENT,
  `date_debut` bigint(15) NOT NULL,
  `Duree` int(11) DEFAULT NULL,
  `Identite` int(10) unsigned NOT NULL,
  `Poste` int(11) DEFAULT NULL,
  `Actif` tinyint(1) unsigned NOT NULL DEFAULT '1',
  PRIMARY KEY (`Id`),
  UNIQUE KEY `Id_UNIQUE` (`Id`),
  KEY `refident_idx` (`Identite`),
  KEY `fkposte_idx` (`Poste`),
  CONSTRAINT `fkposte` FOREIGN KEY (`Poste`) REFERENCES `postes` (`idPoste`) ON DELETE NO ACTION ON UPDATE NO ACTION,
  CONSTRAINT `refident` FOREIGN KEY (`Identite`) REFERENCES `identites` (`Id`) ON DELETE NO ACTION ON UPDATE NO ACTION
) ENGINE=InnoDB AUTO_INCREMENT=101 DEFAULT CHARSET=utf8;
/*!40101 SET character_set_client = @saved_cs_client */;

--
-- Dumping data for table `sessions`
--

LOCK TABLES `sessions` WRITE;
/*!40000 ALTER TABLE `sessions` DISABLE KEYS */;
INSERT INTO `sessions` VALUES (2,1517993889485,NULL,2,NULL,0),(3,1518011015151,408841,2,NULL,0),(4,1518183771010,0,2,NULL,0),(5,1518183771007,NULL,2,NULL,0),(6,1518182850704,NULL,2,NULL,0),(7,1519658252134,320194,2,NULL,0),(8,1518183771040,870709,2,NULL,0),(9,1518183771004,65617,2,NULL,0),(10,1520526366134,NULL,2,NULL,0),(11,1520598577699,224892,2,NULL,0),(12,1520598802660,NULL,2,NULL,0),(13,1520599835236,NULL,2,NULL,0),(14,1520600157628,NULL,2,NULL,0),(15,1521729378415,NULL,2,NULL,0),(16,1521729772091,NULL,2,NULL,0),(17,1521734090076,NULL,2,NULL,0),(18,1522160317342,NULL,2,NULL,0),(19,1522160686672,NULL,2,NULL,0),(20,1522161302204,NULL,2,NULL,0),(21,1522162256994,596634,2,NULL,0),(22,1522162853651,324682,2,NULL,0),(23,1522163178392,407436,2,NULL,0),(24,1522163585859,NULL,2,NULL,0),(25,1522163978406,114098,2,NULL,0),(26,1522164092562,223836,2,NULL,0),(27,1522164316428,NULL,2,NULL,0),(28,1522165643255,NULL,2,NULL,0),(29,1522220268063,NULL,2,NULL,0),(30,1522250243542,NULL,2,NULL,0),(31,1522250725232,28031,2,NULL,0),(32,1522250753285,161853,2,NULL,0),(33,1522250915184,373344,2,NULL,0),(34,1522251288562,NULL,2,NULL,0),(35,1522263253099,102837,2,NULL,0),(36,1522263355969,537877,2,NULL,0),(37,1522263893896,139465,2,NULL,0),(38,1522264033388,NULL,2,NULL,0),(39,1522264565240,49503,2,NULL,0),(40,1522264607200,837916,3,NULL,0),(41,1522264614800,499512,2,NULL,0),(42,1522265114339,NULL,2,NULL,0),(43,1522265445169,NULL,3,NULL,0),(44,1522266788516,NULL,2,NULL,0),(45,1522309743367,402230,3,NULL,0),(46,1522310145632,94449,3,NULL,0),(47,1522310240114,30901,3,NULL,0),(48,1522310271044,NULL,3,NULL,0),(49,1522310327021,NULL,2,NULL,1),(50,1522310762370,33278,3,NULL,0),(51,1522310795700,NULL,3,NULL,0),(52,1522320757408,20230,3,NULL,0),(53,1522321910718,32117,3,NULL,0),(54,1522322355142,60607,3,NULL,0),(55,1522322657898,20174,3,NULL,0),(56,1522323072103,20174,3,NULL,0),(57,1522323397192,11979,3,NULL,0),(58,1522323490769,30209,3,NULL,0),(59,1522323610012,11310,3,NULL,0),(60,1522323639521,10079,3,NULL,0),(61,1522324028714,2369,3,NULL,0),(62,1522324031140,NULL,3,NULL,0),(63,1522325377743,188446,3,NULL,0),(64,1522329428079,NULL,3,NULL,0),(65,1522330995702,NULL,3,NULL,0),(66,1522411433487,NULL,3,NULL,0),(67,1522411959122,212831,3,NULL,0),(68,1522412215704,NULL,3,NULL,0),(69,1522412634735,NULL,3,NULL,0),(70,1522413211433,828128,3,NULL,0),(71,1522415911959,67885,3,NULL,0),(72,1522415979877,NULL,3,NULL,0),(73,1522417070210,72654,3,NULL,0),(74,1522417446466,44817,3,NULL,0),(75,1522418771226,48501,3,NULL,0),(76,1522419100624,63559,3,NULL,0),(77,1522419164223,NULL,3,NULL,0),(78,1522741150389,91038,3,NULL,0),(79,1522741241456,NULL,3,NULL,0),(80,1522831279255,60679,3,NULL,0),(81,1522831339964,NULL,3,NULL,0),(82,1522831865696,124231,3,NULL,0),(83,1522831989961,NULL,3,NULL,0),(84,1522853842426,104971,3,NULL,0),(85,1522854225247,58403,3,NULL,0),(86,1522854565573,62818,3,NULL,0),(87,1522854849927,66909,3,NULL,0),(88,1522855159651,30224,3,NULL,0),(89,1522855189905,NULL,3,NULL,0),(90,1522855714410,55790,3,NULL,0),(91,1522855770222,NULL,3,NULL,0),(92,1522856509308,157776,3,NULL,0),(93,1522856786481,53695,3,NULL,0),(94,1522856840202,NULL,3,NULL,0),(95,1522956273150,119168,3,NULL,0),(96,1522956392452,NULL,3,NULL,0),(97,1523017451866,181921,3,NULL,0),(98,1523017739575,13655,3,NULL,0),(99,1523017767145,27033,3,NULL,0),(100,1523017794208,NULL,3,NULL,1);
/*!40000 ALTER TABLE `sessions` ENABLE KEYS */;
UNLOCK TABLES;
/*!40103 SET TIME_ZONE=@OLD_TIME_ZONE */;

/*!40101 SET SQL_MODE=@OLD_SQL_MODE */;
/*!40014 SET FOREIGN_KEY_CHECKS=@OLD_FOREIGN_KEY_CHECKS */;
/*!40014 SET UNIQUE_CHECKS=@OLD_UNIQUE_CHECKS */;
/*!40101 SET CHARACTER_SET_CLIENT=@OLD_CHARACTER_SET_CLIENT */;
/*!40101 SET CHARACTER_SET_RESULTS=@OLD_CHARACTER_SET_RESULTS */;
/*!40101 SET COLLATION_CONNECTION=@OLD_COLLATION_CONNECTION */;
/*!40111 SET SQL_NOTES=@OLD_SQL_NOTES */;

-- Dump completed on 2018-04-08  9:17:29
